{"cameraMode":{"drawMode":0,"name":"Shaded","section":"Shading Mode"},"sceneLighting":false,"audioPlay":false,"sceneViewState":{"showFog":true,"showMaterialUpdate":true,"showSkybox":true,"showFlares":true,"showImageEffects":true,"showParticleSystems":true},"in2DMode":false,"pivot":{"x":921.7996826171875,"y":293.4854736328125,"z":167.68505859375},"rotation":{"x":0.33841240406036379,"y":-0.19738538563251496,"z":0.07275377213954926,"w":0.9173219799995422},"size":740.9241333007813,"orthographic":false}