{"cameraMode":{"drawMode":0,"name":"Shaded","section":"Shading Mode"},"sceneLighting":false,"audioPlay":false,"sceneViewState":{"showFog":true,"showMaterialUpdate":true,"showSkybox":true,"showFlares":true,"showImageEffects":true,"showParticleSystems":true},"in2DMode":false,"pivot":{"x":1594.424560546875,"y":629.6640014648438,"z":361.7530212402344},"rotation":{"x":0.301278293132782,"y":0.2390763908624649,"z":-0.07832372933626175,"w":0.9198890328407288},"size":1174.194580078125,"orthographic":false}